accuracy,f1,precision,recall,porcentaje_etiquetado,n_etiquetados,algoritmo
0.8262313226342003,0.808216456871738,0.8182814601571059,0.8262313226342003,5,1807,Baseline_SVC
0.8257885998893193,0.8081917522842623,0.8173910184524461,0.8257885998893193,5,1807,LapSVM
0.812174875484228,0.7930646386658857,0.7996907236125826,0.812174875484228,5,1807,TSVM
0.8335362479247371,0.8204207114419697,0.8251791332368961,0.8335362479247371,10,3614,Baseline_SVC
0.8337576092971777,0.8208333596170075,0.8253827921158035,0.8337576092971777,10,3614,LapSVM
0.8251245157719977,0.8119367806766103,0.8148426466002833,0.8251245157719977,10,3614,TSVM
0.8372993912562258,0.8248618121111778,0.8295892065139169,0.8372993912562258,20,7228,Baseline_SVC
0.8379634753735473,0.8257439537408593,0.8303207410834728,0.8379634753735473,20,7228,LapSVM
0.8306585500830105,0.8201133327020677,0.821281121971311,0.8306585500830105,20,7228,TSVM
